user_input,Bot Response
I want to book tickets for a museum.,Sure! You can book museum tickets through me. Which museum would you like to visit?
I need tickets for Golden Temple.,Your tickets for Golden Temple have been booked. Would you like assistance with anything else?
Can I book tickets for multiple places at once?,"Yes, you can book tickets for multiple places. Which places would you like to book?"
How do I book a ticket for Sheesh Mahal?,You can book tickets for Sheesh Mahal online or at the gate. Shall I help you with an online booking?
I would like to book tickets for Wagah Border tomorrow.,Your tickets for Wagah Border tomorrow have been booked. Enjoy your visit!
Book 3 tickets for Jallianwala Bagh for today.,Three tickets for Jallianwala Bagh have been successfully booked for today.
Can you help me book tickets for the cultural festival in Amritsar?,I can help you with tickets for the cultural festival. How many tickets would you need?
What are some popular places to visit in Punjab?,"Some popular places in Punjab include the Golden Temple, Jallianwala Bagh, and Sheesh Mahal."
I want a recommendation for a family-friendly place.,"For family-friendly places, I recommend Jallianwala Bagh or the Ranjit Singh Museum."
Which place should I visit if I love nature?,"If you love nature, I suggest visiting Sukhna Lake or Rose Garden in Chandigarh."
Suggest me a cultural spot to visit today.,I recommend the Punjab Cultural Village for a rich cultural experience today.
Where can I go for a peaceful experience?,"For a peaceful experience, Golden Temple or Durgiana Temple are perfect choices."
Can you recommend a place with rich history?,"You can explore Jallianwala Bagh for its rich history, or visit Sheesh Mahal."
"I love art and culture, where should I go?","If you love art and culture, head to the Punjab Cultural Village or the Partition Museum."
Is the Golden Temple open tomorrow?,"Yes, the Golden Temple is open tomorrow from 4 AM to 11 PM."
Is the Badshahi Mosque open in the evening?,Badshahi Mosque is open in the evening from 4 PM to 6 PM.
What time does Sheesh Mahal close?,Sheesh Mahal closes at 5 PM every day. Would you like to book a ticket?
Is Wagah Border open during the festival season?,"Yes, Wagah Border remains open during festival seasons with special events."
Are the gardens around Jallianwala Bagh open at night?,"No, the gardens around Jallianwala Bagh close at 6 PM."
Can I get a refund if I cancel my ticket for tomorrow?,You can get a refund if you cancel 24 hours before your visit.
Do you accept digital payments for ticket bookings?,"Yes, we accept all major digital payments for ticket bookings."
Can I pay using UPI?,"Yes, you can pay using UPI for your ticket purchases."
What are the payment options available?,"You can pay using credit/debit cards, UPI, or net banking."
Is there a way to pay later for the tickets?,"Currently, pay later options are not available. Would you like to proceed with payment now?"
Do I need an ID to visit Wagah Border?,"Yes, an ID is required for entry to Wagah Border."
Is there a dress code for Golden Temple?,"Yes, Golden Temple has a modest dress code. Shoulders and knees must be covered."
How much time should I keep for visiting Jallianwala Bagh?,It takes about 1-2 hours to explore Jallianwala Bagh.
Are there guided tours available at Sheesh Mahal?,"Yes, guided tours are available at Sheesh Mahal for an additional cost."
Can I bring my camera to Badshahi Mosque?,"Cameras are allowed, but certain areas may have restrictions."
Do kids need separate tickets for entry?,Children under 5 can enter for free. Older kids need separate tickets.
Is food allowed inside the Golden Temple premises?,"Food is not allowed inside, but there are eating areas outside the premises."
Can I get a wheelchair at Jallianwala Bagh?,"Yes, wheelchairs are available at Jallianwala Bagh. Would you like to reserve one?"
Are there any discounts for senior citizens?,"Yes, there are discounts for senior citizens at most locations. Would you like details?"
Do you have family tickets for Sheesh Mahal?,"Yes, we offer family tickets for Sheesh Mahal. How many members are in your family?"
Is there a student discount for cultural events?,"Yes, there is a 10% student discount for cultural events. Can I assist with booking?"
Can you arrange for a guided tour for me?,I can arrange a guided tour for you. What time would you like to start?
I need to cancel my tickets for the Wagah Border ceremony.,Your tickets for the Wagah Border ceremony have been canceled.
Can I reschedule my tickets for the cultural event in Amritsar?,Your tickets for the cultural event have been rescheduled. You will receive a confirmation shortly.
Is there a penalty for canceling tickets on the day of the visit?,There is no penalty if you cancel 24 hours before your visit. Same-day cancellations may incur charges.
Can I book tickets for another place as well?,"Yes, you can book tickets for another place. Where would you like to go next?"
Is it possible to visit multiple places in a day?,"Yes, you can visit multiple places in a day. Would you like me to recommend an itinerary?"
What should I know before visiting the Golden Temple?,"Before visiting the Golden Temple, remember to wear a head covering and follow the dress code."
Can you remind me about my upcoming bookings?,I’ve sent you a reminder about your upcoming bookings. Would you like to make any changes?
"I enjoy historical places, where should I go?","If you enjoy historical places, I recommend Jallianwala Bagh or Sheesh Mahal."
Can you suggest a quiet place for meditation?,"For meditation, visit the serene atmosphere of the Golden Temple or Tarn Taran Sahib."
I prefer places with a cultural vibe. Any suggestions?,"For a cultural experience, visit the Punjab Cultural Village or Partition Museum."
Where should I go if I want to learn about Sikh history?,"To learn about Sikh history, the best places are the Golden Temple and the Sikh Museum."
Are there COVID-19 restrictions at the Golden Temple?,"Yes, there are COVID-19 safety guidelines at Golden Temple. Masks and sanitization are required."
Do I need to wear a mask at the cultural events?,"Yes, masks are mandatory at all cultural events to ensure safety."
Is there security at Jallianwala Bagh?,"Yes, Jallianwala Bagh has security checks at the entrance."
What are the safety guidelines for visiting Wagah Border?,Wagah Border follows strict security guidelines. Visitors must carry ID and follow instructions.
What’s the best time to visit Punjab?,The best time to visit Punjab is during the cooler months from October to March.
Are there any annual festivals happening soon?,"Yes, there’s an annual Baisakhi festival coming up in Amritsar."
Do I need to pre-book tickets for popular places?,It’s recommended to pre-book tickets for popular places to avoid long queues.
Can I buy tickets on the same day as my visit?,"Yes, tickets are available for purchase on the same day, subject to availability."
